Time,OEQ1962278:1_7,KEQ0195933:1_7
 13.05.21 21:00:00,,
 13.05.21 21:30:00,0,103.2
 13.05.21 22:00:00,0,44.6
 13.05.21 22:30:00,0,19
 13.05.21 23:00:00,0,17
 13.05.21 23:30:00,0,17
 14.05.21 00:00:00,0,16.375
 14.05.21 00:30:00,0,16
 14.05.21 01:00:00,0,16
 14.05.21 01:30:00,0,16
 14.05.21 02:00:00,0,16
 14.05.21 02:30:00,0,16
 14.05.21 03:00:00,0,16
 14.05.21 03:30:00,0,16
 14.05.21 04:00:00,0,16.216
 14.05.21 04:30:00,0,17
 14.05.21 05:00:00,0,20.111
 14.05.21 05:30:00,0,51.6
 14.05.21 06:00:00,25.706,111.364
 14.05.21 06:30:00,97.509,149
 14.05.21 07:00:00,121.906,177.273
 14.05.21 07:30:00,127.706,190.667
 14.05.21 08:00:00,166.484,192.182
 14.05.21 08:30:00,180.543,199.364
 14.05.21 09:00:00,201.868,207.25
 14.05.21 09:30:00,197.1,209.625
 14.05.21 10:00:00,202.158,211
 14.05.21 10:30:00,199.962,213.75
 14.05.21 11:00:00,207.062,217.364
 14.05.21 11:30:00,196.097,221.455
 14.05.21 12:00:00,197.99,222.5
 14.05.21 12:30:00,213.344,223.5
 14.05.21 13:00:00,206.117,223
 14.05.21 13:30:00,199.08,221.8
 14.05.21 14:00:00,202.059,221
 14.05.21 14:30:00,208.698,222.364
 14.05.21 15:00:00,195.192,222.1
 14.05.21 15:30:00,202.42,
 14.05.21 16:00:00,191.497,212.5
 14.05.21 16:30:00,203.822,211
 14.05.21 17:00:00,181.053,206.636
 14.05.21 17:30:00,132.126,194.111
 14.05.21 18:00:00,130.095,191.222
 14.05.21 18:30:00,138.462,190
 14.05.21 19:00:00,169.734,191.429
 14.05.21 19:30:00,185.269,197.125
 14.05.21 20:00:00,187.655,209.875
 14.05.21 20:30:00,156.433,211
 14.05.21 21:00:00,67.426,181.976
 14.05.21 21:30:00,0.833,143.926
 14.05.21 22:00:00,0,89.429
 14.05.21 22:30:00,0,37.333
 14.05.21 23:00:00,0,20.556
 14.05.21 23:30:00,0,18.333
 15.05.21 00:00:00,0,17
 15.05.21 00:30:00,0,16
 15.05.21 01:00:00,0,16
 15.05.21 01:30:00,0,16
 15.05.21 02:00:00,0,16
 15.05.21 02:30:00,0,16
 15.05.21 03:00:00,0,16
 15.05.21 03:30:00,0,16
 15.05.21 04:00:00,0,16
 15.05.21 04:30:00,0,16.818
 15.05.21 05:00:00,0,27.429
 15.05.21 05:30:00,18.715,76.778
 15.05.21 06:00:00,97.372,133.667
 15.05.21 06:30:00,162.538,171.667
 15.05.21 07:00:00,197.25,191.7
 15.05.21 07:30:00,212.265,210.364
 15.05.21 08:00:00,205.229,214.429
 15.05.21 08:30:00,209.07,211
 15.05.21 09:00:00,206.204,215
 15.05.21 09:30:00,203.903,219
 15.05.21 10:00:00,205.689,216.636
 15.05.21 10:30:00,210.519,216
 15.05.21 11:00:00,207.101,216.8
 15.05.21 11:30:00,207.394,217.25
 15.05.21 12:00:00,214.033,219.75
 15.05.21 12:30:00,207.969,216
 15.05.21 13:00:00,197.386,214
 15.05.21 13:30:00,198.206,214.2
 15.05.21 14:00:00,200.713,214.273
 15.05.21 14:30:00,200.579,213
 15.05.21 15:00:00,206.678,214.25
 15.05.21 15:30:00,214.04,215.2
 15.05.21 16:00:00,201.319,218.5
 15.05.21 16:30:00,199.329,212
 15.05.21 17:00:00,203.925,209
 15.05.21 17:30:00,207.184,211.818
 15.05.21 18:00:00,204.509,212.167
 15.05.21 18:30:00,205.128,213
 15.05.21 19:00:00,195.777,213.1
 15.05.21 19:30:00,193.142,212.889
 15.05.21 20:00:00,162.755,207.333
 15.05.21 20:30:00,117.144,197.333
 15.05.21 21:00:00,25.041,162.333
 15.05.21 21:30:00,0,126.222
 15.05.21 22:00:00,0,68.6
 15.05.21 22:30:00,0,28.875
 15.05.21 23:00:00,0,19.75
 15.05.21 23:30:00,0,18.6
 16.05.21 00:00:00,0,18
 16.05.21 00:30:00,0,18
 16.05.21 01:00:00,0,16.857
 16.05.21 01:30:00,0,16
 16.05.21 02:00:00,0,16
 16.05.21 02:30:00,0,16
 16.05.21 03:00:00,0,16
 16.05.21 03:30:00,0,16
 16.05.21 04:00:00,0,16
 16.05.21 04:30:00,0,17.444
 16.05.21 05:00:00,0,26.2
 16.05.21 05:30:00,0,52.364
 16.05.21 06:00:00,38.996,122.417
 16.05.21 06:30:00,83.536,156.333
 16.05.21 07:00:00,131.39,171.909
 16.05.21 07:30:00,154.029,190.364
 16.05.21 08:00:00,177.885,198.656
 16.05.21 08:30:00,202.519,206.571
 16.05.21 09:00:00,194.851,208.667
 16.05.21 09:30:00,214.499,208
 16.05.21 10:00:00,214.128,215.444
 16.05.21 10:30:00,209.944,216.6
 16.05.21 11:00:00,212.496,213.667
 16.05.21 11:30:00,216.245,213
 16.05.21 12:00:00,211.396,217.833
 16.05.21 12:30:00,210.957,217.091
 16.05.21 13:00:00,208.908,218
 16.05.21 13:30:00,208.91,217.455
 16.05.21 14:00:00,206.449,217
 16.05.21 14:30:00,205.339,220.182
 16.05.21 15:00:00,193.753,220.556
 16.05.21 15:30:00,210.076,218.333
 16.05.21 16:00:00,202.43,213.778
 16.05.21 16:30:00,201.041,211
 16.05.21 17:00:00,202.512,212.833
 16.05.21 17:30:00,216.611,215
 16.05.21 18:00:00,214.59,217.75
 16.05.21 18:30:00,212.541,220.125
 16.05.21 19:00:00,211.853,222
 16.05.21 19:30:00,207.065,221
 16.05.21 20:00:00,190.07,208
 16.05.21 20:30:00,133.166,203.75
 16.05.21 21:00:00,71.772,184.2
 16.05.21 21:30:00,4.221,147.5
 16.05.21 22:00:00,0,80.25
 16.05.21 22:30:00,0,31.308
 16.05.21 23:00:00,0,20.556
 16.05.21 23:30:00,0,19
 17.05.21 00:00:00,0,19
 17.05.21 00:30:00,0,18.444
 17.05.21 01:00:00,0,17.444
 17.05.21 01:30:00,0,16
 17.05.21 02:00:00,0,16
 17.05.21 02:30:00,0,16
 17.05.21 03:00:00,0,16
 17.05.21 03:30:00,0,16
 17.05.21 04:00:00,0,16
 17.05.21 04:30:00,0,17.156
 17.05.21 05:00:00,0,32.5
 17.05.21 05:30:00,29.992,82.091
 17.05.21 06:00:00,105.355,141.364
 17.05.21 06:30:00,171.705,177.5
 17.05.21 07:00:00,208.707,193.75
 17.05.21 07:30:00,213.239,213.6
 17.05.21 08:00:00,214,221
 17.05.21 08:30:00,213.128,223.75
 17.05.21 09:00:00,213,224.818
 17.05.21 09:30:00,213.839,226.236
 17.05.21 10:00:00,211.742,216.36
 17.05.21 10:30:00,205.455,212
 17.05.21 11:00:00,209.576,215.333
 17.05.21 11:30:00,210.157,216.667
 17.05.21 12:00:00,215.379,217
 17.05.21 12:30:00,210.62,217.9
 17.05.21 13:00:00,209.429,218
 17.05.21 13:30:00,203.848,218.455
 17.05.21 14:00:00,208.635,219.5
 17.05.21 14:30:00,208.109,218.125
 17.05.21 15:00:00,206.979,216.375
 17.05.21 15:30:00,207.875,216
 17.05.21 16:00:00,206.466,216.818
 17.05.21 16:30:00,197.092,210.4
 17.05.21 17:00:00,197.743,207.9
 17.05.21 17:30:00,185.121,203
 17.05.21 18:00:00,195.804,205.8
 17.05.21 18:30:00,216.859,214.833
 17.05.21 19:00:00,209.045,221.667
 17.05.21 19:30:00,203.167,209
 17.05.21 20:00:00,162.477,206.273
 17.05.21 20:30:00,120.63,196.556
 17.05.21 21:00:00,69.169,177.625
 17.05.21 21:30:00,5.642,149.5
 17.05.21 22:00:00,0,101.111
 17.05.21 22:30:00,0,56.3
 17.05.21 23:00:00,0,27.4
 17.05.21 23:30:00,0,19.9
 18.05.21 00:00:00,0,19
 18.05.21 00:30:00,0,19
 18.05.21 01:00:00,0,18.7
 18.05.21 01:30:00,0,16.667
 18.05.21 02:00:00,0,16
 18.05.21 02:30:00,0,16
 18.05.21 03:00:00,0,16
 18.05.21 03:30:00,0,16
 18.05.21 04:00:00,0,16
 18.05.21 04:30:00,0,16.444
 18.05.21 05:00:00,0,21.75
 18.05.21 05:30:00,0,56.6
 18.05.21 06:00:00,7.514,116.9
 18.05.21 06:30:00,38.944,143.9
 18.05.21 07:00:00,84.429,160.5
 18.05.21 07:30:00,135.335,172.333
 18.05.21 08:00:00,177.006,190.111
 18.05.21 08:30:00,197.068,203.111
 18.05.21 09:00:00,197.251,208.818
 18.05.21 09:30:00,210.848,210.111
 18.05.21 10:00:00,208.542,216
 18.05.21 10:30:00,206.917,216.818
 18.05.21 11:00:00,206.666,215.5
 18.05.21 11:30:00,200.48,215
 18.05.21 12:00:00,202.835,220.444
 18.05.21 12:30:00,208.668,223.222
 18.05.21 13:00:00,204.85,223.143
 18.05.21 13:30:00,198.307,221
 18.05.21 14:00:00,195.113,220.111
 18.05.21 14:30:00,205.849,220
 18.05.21 15:00:00,200.906,219.2
 18.05.21 15:30:00,210.9,219.2
 18.05.21 16:00:00,193.344,220.364
 18.05.21 16:30:00,210.661,219.727
 18.05.21 17:00:00,209.374,215
 18.05.21 17:30:00,208.572,215.333
 18.05.21 18:00:00,201.852,216
 18.05.21 18:30:00,207.407,216.167
 18.05.21 19:00:00,201.476,216.429
 18.05.21 19:30:00,180.762,209.667
 18.05.21 20:00:00,141.372,197.5
 18.05.21 20:30:00,72.691,175.636
 18.05.21 21:00:00,35.173,167.067
 18.05.21 21:30:00,0.099,141.286
 18.05.21 22:00:00,0,71.75
 18.05.21 22:30:00,0,24.875
 18.05.21 23:00:00,0,19.43
 18.05.21 23:30:00,0,18.6
 19.05.21 00:00:00,0,18
 19.05.21 00:30:00,0,17
 19.05.21 01:00:00,0,16
 19.05.21 01:30:00,0,15.875
 19.05.21 02:00:00,0,15
 19.05.21 02:30:00,0,15.727
 19.05.21 03:00:00,0,16
 19.05.21 03:30:00,0,16
 19.05.21 04:00:00,0,16
 19.05.21 04:30:00,0,16.3
 19.05.21 05:00:00,0,19.727
 19.05.21 05:30:00,2.078,51.5
 19.05.21 06:00:00,56.924,108.5
 19.05.21 06:30:00,77.325,164.3
 19.05.21 07:00:00,94.529,174
 19.05.21 07:30:00,158.839,176.909
 19.05.21 08:00:00,191.262,194.375
 19.05.21 08:30:00,204.649,207.375
 19.05.21 09:00:00,202.175,213.1
 19.05.21 09:30:00,189.013,210.182
 19.05.21 10:00:00,198.051,208
 19.05.21 10:30:00,202.098,211.261
 19.05.21 11:00:00,205.536,214.125
 19.05.21 11:30:00,198.62,213.444
 19.05.21 12:00:00,203.744,214.636
 19.05.21 12:30:00,198.537,220.25
 19.05.21 13:00:00,202.132,214
 19.05.21 13:30:00,205.094,215
 19.05.21 14:00:00,201.137,218.952
 19.05.21 14:30:00,188.739,213.222
 19.05.21 15:00:00,197.033,204
 19.05.21 15:30:00,208.698,209.5
 19.05.21 16:00:00,214.106,216
 19.05.21 16:30:00,210.238,217
 19.05.21 17:00:00,207.714,217.333
 19.05.21 17:30:00,213.691,217
 19.05.21 18:00:00,197.415,214.714
 19.05.21 18:30:00,174.021,207.857
 19.05.21 19:00:00,175.442,203.1
 19.05.21 19:30:00,177.093,202.364
 19.05.21 20:00:00,183.946,206.333
 19.05.21 20:30:00,129.648,203
 19.05.21 21:00:00,69.77,181
 19.05.21 21:30:00,6.225,149.75
 19.05.21 22:00:00,0,94.5
 19.05.21 22:30:00,0,49.083
 19.05.21 23:00:00,0,23.2
 19.05.21 23:30:00,0,19.889
 20.05.21 00:00:00,0,18
 20.05.21 00:30:00,0,17.429
 20.05.21 01:00:00,0,17
 20.05.21 01:30:00,0,17
 20.05.21 02:00:00,0,16.125
 20.05.21 02:30:00,0,16
 20.05.21 03:00:00,0,16
 20.05.21 03:30:00,0,16
 20.05.21 04:00:00,0,16
 20.05.21 04:30:00,0,16.9
 20.05.21 05:00:00,0,24.714
 20.05.21 05:30:00,1.262,72.727
 20.05.21 06:00:00,62.143,127.7
 20.05.21 06:30:00,107.765,158.909
 20.05.21 07:00:00,129.837,183
 20.05.21 07:30:00,157.902,191
 20.05.21 08:00:00,138.834,192
 20.05.21 08:30:00,169.614,193.333
 20.05.21 09:00:00,197.432,203.727
 20.05.21 09:30:00,207.502,208.5
 20.05.21 10:00:00,206.04,210
 20.05.21 10:30:00,215.306,215.222
 20.05.21 11:00:00,213.23,
 20.05.21 11:30:00,212.837,218.5
 20.05.21 12:00:00,214.629,218
 20.05.21 12:30:00,214.54,220.727
 20.05.21 13:00:00,208.432,219.625
 20.05.21 13:30:00,206.625,219
 20.05.21 14:00:00,210.679,218.625
 20.05.21 14:30:00,206.738,216.667
 20.05.21 15:00:00,206.001,214
 20.05.21 15:30:00,211.354,214
 20.05.21 16:00:00,212.401,214
 20.05.21 16:30:00,204.868,214
 20.05.21 17:00:00,207.87,216
 20.05.21 17:30:00,212.189,216.714
 20.05.21 18:00:00,211.416,216.857
 20.05.21 18:30:00,210.272,215
 20.05.21 19:00:00,209.973,215.778
 20.05.21 19:30:00,192.547,214.6
 20.05.21 20:00:00,149.469,204.545
 20.05.21 20:30:00,106.317,184.556
 20.05.21 21:00:00,46.652,167.25
 20.05.21 21:30:00,0.118,136.25
 20.05.21 22:00:00,0,82.625
 20.05.21 22:30:00,0,39.5
 20.05.21 23:00:00,0,23.2
 20.05.21 23:30:00,0,21
 21.05.21 00:00:00,0,20.375
 21.05.21 00:30:00,0,20
 21.05.21 01:00:00,0,19.25
 21.05.21 01:30:00,0,17.333
 21.05.21 02:00:00,0,16.727
 21.05.21 02:30:00,0,16
 21.05.21 03:00:00,0,16
 21.05.21 03:30:00,0,16
 21.05.21 04:00:00,0,16.143
 21.05.21 04:30:00,0,18.439
 21.05.21 05:00:00,0,40.6
 21.05.21 05:30:00,45.897,95
 21.05.21 06:00:00,115.833,148.727
 21.05.21 06:30:00,181.324,181.688
 21.05.21 07:00:00,176.936,195.111
 21.05.21 07:30:00,194.825,199.625
 21.05.21 08:00:00,196.245,207
 21.05.21 08:30:00,202.631,208
 21.05.21 09:00:00,209.404,210.616
 21.05.21 09:30:00,199.878,216.875
 21.05.21 10:00:00,215.418,218
 21.05.21 10:30:00,212.207,219.889
 21.05.21 11:00:00,206.479,217
 21.05.21 11:30:00,211.835,217
 21.05.21 12:00:00,213.77,218.9
 21.05.21 12:30:00,209.622,220
 21.05.21 13:00:00,199.723,219.273
 21.05.21 13:30:00,202.726,219.1
 21.05.21 14:00:00,201.827,220.4
 21.05.21 14:30:00,204.854,220.286
 21.05.21 15:00:00,206.944,217
 21.05.21 15:30:00,210.815,217
 21.05.21 16:00:00,213.298,218.111
 21.05.21 16:30:00,207.231,215
 21.05.21 17:00:00,214.274,215
 21.05.21 17:30:00,210.227,214.75
 21.05.21 18:00:00,197.546,214
 21.05.21 18:30:00,213.307,214
 21.05.21 19:00:00,208.874,219
 21.05.21 19:30:00,204.129,224.167
 21.05.21 20:00:00,195.486,217.667
 21.05.21 20:30:00,158.15,208.167
 21.05.21 21:00:00,102.763,192.9
 21.05.21 21:30:00,15.98,160.833
 21.05.21 22:00:00,0,106.636
 21.05.21 22:30:00,0,52.818
 21.05.21 23:00:00,0,26.55
 21.05.21 23:30:00,0,21.3
 22.05.21 00:00:00,0,21
 22.05.21 00:30:00,0,20.125
 22.05.21 01:00:00,0,19.818
 22.05.21 01:30:00,0,18.5
 22.05.21 02:00:00,0,17
 22.05.21 02:30:00,0,17
 22.05.21 03:00:00,0,17
 22.05.21 03:30:00,0,17.25
 22.05.21 04:00:00,0,18
 22.05.21 04:30:00,0,20.429
 22.05.21 05:00:00,0,36.1
 22.05.21 05:30:00,18.733,91
 22.05.21 06:00:00,47.127,141.455
 22.05.21 06:30:00,90.717,164.75
 22.05.21 07:00:00,119.563,170.571
 22.05.21 07:30:00,141.647,187.5
 22.05.21 08:00:00,182.561,194.5
 22.05.21 08:30:00,201.089,203.588
 22.05.21 09:00:00,208.106,213
 22.05.21 09:30:00,214.603,217.571
 22.05.21 10:00:00,220.774,217
 22.05.21 10:30:00,215.276,213.571
 22.05.21 11:00:00,219.231,213.778
 22.05.21 11:30:00,213.369,216
 22.05.21 12:00:00,208.123,218.222
 22.05.21 12:30:00,204.374,218.909
 22.05.21 13:00:00,195.58,218
 22.05.21 13:30:00,193.802,219
 22.05.21 14:00:00,203.523,221.889
 22.05.21 14:30:00,200.396,220.364
 22.05.21 15:00:00,205.299,220.8
 22.05.21 15:30:00,192.835,221.3
 22.05.21 16:00:00,200.801,215.111
 22.05.21 16:30:00,205.876,213
 22.05.21 17:00:00,205.133,214.75
 22.05.21 17:30:00,194.55,213.625
 22.05.21 18:00:00,172.241,206.25
 22.05.21 18:30:00,167.515,206.444
 22.05.21 19:00:00,149.724,198.9
 22.05.21 19:30:00,114.59,187.333
 22.05.21 20:00:00,97.875,181.1
 22.05.21 20:30:00,69.643,175
 22.05.21 21:00:00,19.046,160.375
 22.05.21 21:30:00,0,133.833
 22.05.21 22:00:00,0,81.875
 22.05.21 22:30:00,0,37.636
 22.05.21 23:00:00,0,23.037
 22.05.21 23:30:00,0,21
 23.05.21 00:00:00,0,21
 23.05.21 00:30:00,0,21
 23.05.21 01:00:00,0,21
 23.05.21 01:30:00,0,19.875
 23.05.21 02:00:00,0,18.5
 23.05.21 02:30:00,0,17.556
 23.05.21 03:00:00,0,17
 23.05.21 03:30:00,0,17
 23.05.21 04:00:00,0,18.111
 23.05.21 04:30:00,0,24.4
 23.05.21 05:00:00,0,56.111
 23.05.21 05:30:00,46.78,102
 23.05.21 06:00:00,94.381,151.4
 23.05.21 06:30:00,141.782,176.714
 23.05.21 07:00:00,147.423,187
 23.05.21 07:30:00,186.104,197.455
 23.05.21 08:00:00,196.152,204.545
 23.05.21 08:30:00,205.715,211
 23.05.21 09:00:00,213.393,213.667
 23.05.21 09:30:00,208.968,217.6
 23.05.21 10:00:00,209.754,219
 23.05.21 10:30:00,203.255,216.857
 23.05.21 11:00:00,203.352,215.545
 23.05.21 11:30:00,202.308,209
 23.05.21 12:00:00,204.058,207
 23.05.21 12:30:00,206.545,216
 23.05.21 13:00:00,200.064,218.2
 23.05.21 13:30:00,203.489,217
 23.05.21 14:00:00,200.602,218.273
 23.05.21 14:30:00,203.199,220.143
 23.05.21 15:00:00,208.76,220
 23.05.21 15:30:00,180.262,209.65
 23.05.21 16:00:00,193.294,196
 23.05.21 16:30:00,204.374,203.833
 23.05.21 17:00:00,211.362,216.917
 23.05.21 17:30:00,212.599,217
 23.05.21 18:00:00,213.022,219.222
 23.05.21 18:30:00,195.471,213
 23.05.21 19:00:00,206.514,212.3
 23.05.21 19:30:00,200.6,214.455
 23.05.21 20:00:00,171.602,210.667
 23.05.21 20:30:00,157.516,206
 23.05.21 21:00:00,78.792,183.667
 23.05.21 21:30:00,12.633,159.92
 23.05.21 22:00:00,0,115.122
 23.05.21 22:30:00,0,71.4
 23.05.21 23:00:00,0,33
 23.05.21 23:30:00,0,23
 24.05.21 00:00:00,0,22.8
 24.05.21 00:30:00,0,21.818
 24.05.21 01:00:00,0,20.545
 24.05.21 01:30:00,0,19.151
 24.05.21 02:00:00,0,19
 24.05.21 02:30:00,0,18.8
 24.05.21 03:00:00,0,18
 24.05.21 03:30:00,0,18
 24.05.21 04:00:00,0,18.75
 24.05.21 04:30:00,0,25.258
 24.05.21 05:00:00,0.219,56.4
 24.05.21 05:30:00,58.224,103.429
 24.05.21 06:00:00,138.583,154.787
 24.05.21 06:30:00,188.701,183.727
 24.05.21 07:00:00,208.358,199.7
 24.05.21 07:30:00,212.132,217.333
 24.05.21 08:00:00,214,221.364
 24.05.21 08:30:00,213.91,223.727
 24.05.21 09:00:00,212.332,225.273
 24.05.21 09:30:00,213.998,226
 24.05.21 10:00:00,214.133,228
 24.05.21 10:30:00,210.84,226.375
 24.05.21 11:00:00,205.045,220
 24.05.21 11:30:00,205.672,220.364
 24.05.21 12:00:00,206.939,222.182
 24.05.21 12:30:00,206.804,221.4
 24.05.21 13:00:00,205.72,219
 24.05.21 13:30:00,196.592,219
 24.05.21 14:00:00,192.853,218
 24.05.21 14:30:00,194.953,217.8
 24.05.21 15:00:00,199.188,214.167
 24.05.21 15:30:00,204.873,215.636
 24.05.21 16:00:00,201.922,223.111
 24.05.21 16:30:00,207.228,221.143
 24.05.21 17:00:00,209.907,219.25
 24.05.21 17:30:00,211.177,219
 24.05.21 18:00:00,208.756,218
 24.05.21 18:30:00,206.869,215.364
 24.05.21 19:00:00,205.733,215.125
 24.05.21 19:30:00,190.455,213.667
 24.05.21 20:00:00,168.9,208.4
 24.05.21 20:30:00,126.343,198.2
 24.05.21 21:00:00,54.203,170.5
 24.05.21 21:30:00,3.221,148.625
 24.05.21 22:00:00,0,95.6
 24.05.21 22:30:00,0,42.778
 24.05.21 23:00:00,0,23.778
 24.05.21 23:30:00,0,22.375
 25.05.21 00:00:00,0,21.556
 25.05.21 00:30:00,0,20
 25.05.21 01:00:00,0,20
 25.05.21 01:30:00,0,18.889
 25.05.21 02:00:00,0,18
 25.05.21 02:30:00,0,18
 25.05.21 03:00:00,0,17.167
 25.05.21 03:30:00,0,17.25
 25.05.21 04:00:00,0,18
 25.05.21 04:30:00,0,20.273
 25.05.21 05:00:00,0,45.364
 25.05.21 05:30:00,24.542,99.556
 25.05.21 06:00:00,78.515,142.625
 25.05.21 06:30:00,106.971,171.143
 25.05.21 07:00:00,126.161,182.333
 25.05.21 07:30:00,151.095,189.818
 25.05.21 08:00:00,175.473,197.727
 25.05.21 08:30:00,183.911,203.6
 25.05.21 09:00:00,199.235,206
 25.05.21 09:30:00,214.666,208.429
 25.05.21 10:00:00,194.972,210.167
 25.05.21 10:30:00,204.853,207.3
 25.05.21 11:00:00,203.326,213.583
 25.05.21 11:30:00,204.086,213.741
 25.05.21 12:00:00,211.033,213
 25.05.21 12:30:00,209.652,217.333
 25.05.21 13:00:00,206.762,218.571
 25.05.21 13:30:00,209.424,217
 25.05.21 14:00:00,200.71,217.6
 25.05.21 14:30:00,204.374,217
 25.05.21 15:00:00,185.463,207.556
 25.05.21 15:30:00,170.335,190.083
 25.05.21 16:00:00,192.8,192.909
 25.05.21 16:30:00,174.353,203.714
 25.05.21 17:00:00,214.419,202
 25.05.21 17:30:00,212.575,211
 25.05.21 18:00:00,209.235,217
 25.05.21 18:30:00,198.883,212.909
 25.05.21 19:00:00,147.044,180.111
 25.05.21 19:30:00,201.65,184.667
 25.05.21 20:00:00,159.475,205.182
 25.05.21 20:30:00,147.273,202
 25.05.21 21:00:00,86.463,181.667
 25.05.21 21:30:00,14.515,160.13
 25.05.21 22:00:00,0,119.05
 25.05.21 22:30:00,0,61
 25.05.21 23:00:00,0,29.429
 25.05.21 23:30:00,0,25.111
 26.05.21 00:00:00,0,24
 26.05.21 00:30:00,0,22.222
 26.05.21 01:00:00,0,21
 26.05.21 01:30:00,0,20.5
 26.05.21 02:00:00,0,19.3
 26.05.21 02:30:00,0,19
 26.05.21 03:00:00,0,19.3
 26.05.21 03:30:00,0,19
 26.05.21 04:00:00,0,19
 26.05.21 04:30:00,0,21.75
 26.05.21 05:00:00,0,40.9
 26.05.21 05:30:00,26.48,95.778
 26.05.21 06:00:00,100.071,146.714
 26.05.21 06:30:00,153.17,173.556
 26.05.21 07:00:00,203.098,191.222
 26.05.21 07:30:00,198,204.182
 26.05.21 08:00:00,208.871,207.75
 26.05.21 08:30:00,207.277,215.692
 26.05.21 09:00:00,199.53,214
 26.05.21 09:30:00,199.545,215.111
 26.05.21 10:00:00,197.954,213
 26.05.21 10:30:00,204.407,213
 26.05.21 11:00:00,215.315,217.364
 26.05.21 11:30:00,216.754,222.625
 26.05.21 12:00:00,209.314,224.4
 26.05.21 12:30:00,213.244,223.909
 26.05.21 13:00:00,199.313,222.7
 26.05.21 13:30:00,203.873,222
 26.05.21 14:00:00,203.639,223
 26.05.21 14:30:00,204.876,224.5
 26.05.21 15:00:00,207.694,222.364
 26.05.21 15:30:00,195.263,219.889
 26.05.21 16:00:00,200.575,218
 26.05.21 16:30:00,203.414,217
 26.05.21 17:00:00,208.064,216.273
 26.05.21 17:30:00,204.13,215.556
 26.05.21 18:00:00,198.648,212.833
 26.05.21 18:30:00,180.222,205.091
 26.05.21 19:00:00,201.082,205.286
 26.05.21 19:30:00,173.843,209.25
 26.05.21 20:00:00,136.747,199.317
 26.05.21 20:30:00,86.189,182.636
 26.05.21 21:00:00,51.806,173.167
 26.05.21 21:30:00,1.717,147.629
 26.05.21 22:00:00,0,96.375
 26.05.21 22:30:00,0,42.5
 26.05.21 23:00:00,0,32.778
 26.05.21 23:30:00,0,22.9
 27.05.21 00:00:00,0,21.091
 27.05.21 00:30:00,0,21.083
 27.05.21 01:00:00,0,21.6
 27.05.21 01:30:00,0,21
 27.05.21 02:00:00,0,21.294
 27.05.21 02:30:00,0,20.25
 27.05.21 03:00:00,0,18.9
 27.05.21 03:30:00,0,18
 27.05.21 04:00:00,0,18.091
 27.05.21 04:30:00,0,22.5
 27.05.21 05:00:00,0,54.25
 27.05.21 05:30:00,49.839,102
 27.05.21 06:00:00,125.313,144.6
 27.05.21 06:30:00,113.822,179.909
 27.05.21 07:00:00,89.666,176.7
 27.05.21 07:30:00,112.207,174
 27.05.21 08:00:00,136.094,182.357
 27.05.21 08:30:00,159.98,192.111
 27.05.21 09:00:00,194.205,199.571
 27.05.21 09:30:00,189.091,205.9
 27.05.21 10:00:00,195.157,208
 27.05.21 10:30:00,201.189,212.2
 27.05.21 11:00:00,202.748,218.556
 27.05.21 11:30:00,206.498,221.5
 27.05.21 12:00:00,209.79,222
 27.05.21 12:30:00,195.997,206.429
 27.05.21 13:00:00,193.524,209.556
 27.05.21 13:30:00,202.134,218.4
 27.05.21 14:00:00,173.359,203.818
 27.05.21 14:30:00,203.076,199
 27.05.21 15:00:00,197.786,214.571
 27.05.21 15:30:00,200.239,220.5
 27.05.21 16:00:00,190.188,206.222
 27.05.21 16:30:00,197.412,201
 27.05.21 17:00:00,202.644,209.111
 27.05.21 17:30:00,207.636,215
 27.05.21 18:00:00,204.684,215.875
 27.05.21 18:30:00,202.982,212.429
 27.05.21 19:00:00,167.77,201.857
 27.05.21 19:30:00,135.83,192.3
 27.05.21 20:00:00,118.131,189.5
 27.05.21 20:30:00,101.251,183.636
 27.05.21 21:00:00,63.301,170.667
 27.05.21 21:30:00,0.147,133.667
 27.05.21 22:00:00,0,104.091
 27.05.21 22:30:00,0,48.801
 27.05.21 23:00:00,0,23.364
 27.05.21 23:30:00,0,19.111
 28.05.21 00:00:00,0,18
 28.05.21 00:30:00,0,17.5
 28.05.21 01:00:00,0,17
 28.05.21 01:30:00,0,17
 28.05.21 02:00:00,0,17
 28.05.21 02:30:00,0,17
 28.05.21 03:00:00,0,17
 28.05.21 03:30:00,0,17.182
 28.05.21 04:00:00,0,17
 28.05.21 04:30:00,0,18.111
 28.05.21 05:00:00,0,33.714
 28.05.21 05:30:00,6.1,84.091
 28.05.21 06:00:00,88.837,140.875
 28.05.21 06:30:00,170.626,168.727
 28.05.21 07:00:00,172.605,192.455
 28.05.21 07:30:00,156.616,196
 28.05.21 08:00:00,189.675,198.833
 28.05.21 08:30:00,210.363,207
 28.05.21 09:00:00,207.158,215.582
 28.05.21 09:30:00,212.655,213.008
 28.05.21 10:00:00,201.919,213.909
 28.05.21 10:30:00,213.403,215
 28.05.21 11:00:00,214.621,216.273
 28.05.21 11:30:00,207.031,216.75
 28.05.21 12:00:00,212.878,214
 28.05.21 12:30:00,211.129,216.6
 28.05.21 13:00:00,209.007,217.111
 28.05.21 13:30:00,199.762,215.833
 28.05.21 14:00:00,200.763,211
 28.05.21 14:30:00,210.484,212.377
 28.05.21 15:00:00,202.092,212.125
 28.05.21 15:30:00,210.285,212.556
 28.05.21 16:00:00,198.1,213
 28.05.21 16:30:00,190.073,209.444
 28.05.21 17:00:00,173.266,204
 28.05.21 17:30:00,211.984,205
 28.05.21 18:00:00,211.488,216.489
 28.05.21 18:30:00,211.911,216.333
 28.05.21 19:00:00,198.124,214.75
 28.05.21 19:30:00,172.843,207.286
 28.05.21 20:00:00,147.289,192.182
 28.05.21 20:30:00,64.147,172.909
 28.05.21 21:00:00,85.497,169
 28.05.21 21:30:00,26.656,167.2
 28.05.21 22:00:00,0,130.778
 28.05.21 22:30:00,0,84.5
 28.05.21 23:00:00,0,42.556
 28.05.21 23:30:00,0,24.455
 29.05.21 00:00:00,0,19.8
 29.05.21 00:30:00,0,19
 29.05.21 01:00:00,0,19
 29.05.21 01:30:00,0,18.111
 29.05.21 02:00:00,0,18
 29.05.21 02:30:00,0,18
 29.05.21 03:00:00,0,18
 29.05.21 03:30:00,0,18.909
 29.05.21 04:00:00,0,21
 29.05.21 04:30:00,0,30.5
 29.05.21 05:00:00,3.665,65.636
 29.05.21 05:30:00,71.111,123.375
 29.05.21 06:00:00,160.633,165.286
 29.05.21 06:30:00,188.068,187.556
 29.05.21 07:00:00,181.314,197.333
 29.05.21 07:30:00,199.648,200.3
 29.05.21 08:00:00,208.201,207.1
 29.05.21 08:30:00,203.461,214.333
 29.05.21 09:00:00,193.906,211.111
 29.05.21 09:30:00,192.841,210.1
 29.05.21 10:00:00,200.068,211
 29.05.21 10:30:00,198.809,211.727
 29.05.21 11:00:00,200.969,212.091
 29.05.21 11:30:00,209.69,216.571
 29.05.21 12:00:00,189.833,217
 29.05.21 12:30:00,191.968,219.714
 29.05.21 13:00:00,205.69,220.625
 29.05.21 13:30:00,202.853,223.636
 29.05.21 14:00:00,192.943,223
 29.05.21 14:30:00,196.109,221.375
 29.05.21 15:00:00,209.194,219
 29.05.21 15:30:00,211.368,218.167
 29.05.21 16:00:00,213.29,218
 29.05.21 16:30:00,208.283,218
 29.05.21 17:00:00,210.048,220.727
 29.05.21 17:30:00,210.929,221.667
 29.05.21 18:00:00,211.374,222
 29.05.21 18:30:00,210.601,223.216
 29.05.21 19:00:00,209.052,224.6
 29.05.21 19:30:00,207.605,225.667
 29.05.21 20:00:00,193.217,227.25
 29.05.21 20:30:00,196.095,229.727
 29.05.21 21:00:00,154.239,224.4
 29.05.21 21:30:00,46.49,176.1
 29.05.21 22:00:00,0,141.714
 29.05.21 22:30:00,0,84.5
 29.05.21 23:00:00,0,39.556
 29.05.21 23:30:00,0,23.007
 30.05.21 00:00:00,0,18.889
 30.05.21 00:30:00,0,18
 30.05.21 01:00:00,0,17
 30.05.21 01:30:00,0,17
 30.05.21 02:00:00,0,17
 30.05.21 02:30:00,0,17
 30.05.21 03:00:00,0,17
 30.05.21 03:30:00,0,17.909
 30.05.21 04:00:00,0,19.778
 30.05.21 04:30:00,0,32.222
 30.05.21 05:00:00,3.473,71.125
 30.05.21 05:30:00,70.5,124.304
 30.05.21 06:00:00,167.36,164.778
 30.05.21 06:30:00,199.759,186
 30.05.21 07:00:00,206.051,205.196
 30.05.21 07:30:00,211.043,216.625
 30.05.21 08:00:00,213.561,221.125
 30.05.21 08:30:00,213.474,224
 30.05.21 09:00:00,214.012,225.625
 30.05.21 09:30:00,213.232,223.2
 30.05.21 10:00:00,214.167,221
 30.05.21 10:30:00,212.971,224.655
 30.05.21 11:00:00,212.182,221
 30.05.21 11:30:00,210.487,220.714
 30.05.21 12:00:00,211.202,213
 30.05.21 12:30:00,212.203,213.625
 30.05.21 13:00:00,207.561,214.667
 30.05.21 13:30:00,208.582,220
 30.05.21 14:00:00,203.15,220.818
 30.05.21 14:30:00,210.571,218
 30.05.21 15:00:00,211.259,216
 30.05.21 15:30:00,208.945,216
 30.05.21 16:00:00,215.597,215.273
 30.05.21 16:30:00,212.567,215.167
 30.05.21 17:00:00,212.805,217
 30.05.21 17:30:00,213.771,216.182
 30.05.21 18:00:00,209.072,216
 30.05.21 18:30:00,202.558,216
 30.05.21 19:00:00,205.619,213
 30.05.21 19:30:00,204.344,214.8
 30.05.21 20:00:00,197.529,219.318
 30.05.21 20:30:00,193.515,215.091
 30.05.21 21:00:00,152.454,209.5
 30.05.21 21:30:00,51.642,178.182
 30.05.21 22:00:00,0,139.182
 30.05.21 22:30:00,0,87.1
 30.05.21 23:00:00,0,47.008
 30.05.21 23:30:00,0,23.3
 31.05.21 00:00:00,0,18.833
 31.05.21 00:30:00,0,18
 31.05.21 01:00:00,0,18
 31.05.21 01:30:00,0,18
 31.05.21 02:00:00,0,17.364
 31.05.21 02:30:00,0,17
 31.05.21 03:00:00,0,17
 31.05.21 03:30:00,0,17.5
 31.05.21 04:00:00,0,19.667
 31.05.21 04:30:00,0,34.273
 31.05.21 05:00:00,8.031,74.434
 31.05.21 05:30:00,82.518,130.444
 31.05.21 06:00:00,186.243,167.455
 31.05.21 06:30:00,199.088,186.119
 31.05.21 07:00:00,208.419,202
 31.05.21 07:30:00,214.163,216.273
 31.05.21 08:00:00,215,222.2
 31.05.21 08:30:00,214.5,224.25
 31.05.21 09:00:00,214.134,226.182
 31.05.21 09:30:00,214.168,227.5
 31.05.21 10:00:00,214,228
 31.05.21 10:30:00,213.846,227.364
 31.05.21 11:00:00,213.013,226.273
 31.05.21 11:30:00,211.432,225.667
 31.05.21 12:00:00,208.556,224.333
 31.05.21 12:30:00,204.866,221.667
 31.05.21 13:00:00,196.574,219.8
 31.05.21 13:30:00,192.817,217.8
 31.05.21 14:00:00,192.636,217
 31.05.21 14:30:00,196.05,217
 31.05.21 15:00:00,201.263,217.909
 31.05.21 15:30:00,206.042,219.167
 31.05.21 16:00:00,207.898,220
 31.05.21 16:30:00,209.273,220.604
 31.05.21 17:00:00,210.333,221
 31.05.21 17:30:00,211.89,221.857
 31.05.21 18:00:00,212,
 31.05.21 18:30:00,211.549,223
 31.05.21 19:00:00,211.156,224
 31.05.21 19:30:00,208.722,225.222
 31.05.21 20:00:00,197.848,226.917
 31.05.21 20:30:00,204.037,230.444
 31.05.21 21:00:00,178.778,232.459
 31.05.21 21:30:00,65.603,188.125
 31.05.21 22:00:00,0.239,153.143
 31.05.21 22:30:00,0,98.714
 31.05.21 23:00:00,0,54.727
 31.05.21 23:30:00,0,26.091
 01.06.21 00:00:00,0,19.778
 01.06.21 00:30:00,0,18.1
 01.06.21 01:00:00,0,18
 01.06.21 01:30:00,0,18
 01.06.21 02:00:00,0,17.7
 01.06.21 02:30:00,0,16
 01.06.21 03:00:00,0,16.273
 01.06.21 03:30:00,0,17
 01.06.21 04:00:00,0,19
 01.06.21 04:30:00,0,30.125
 01.06.21 05:00:00,4.241,66
 01.06.21 05:30:00,81,119.778
 01.06.21 06:00:00,177.095,165
 01.06.21 06:30:00,202.605,188.333
 01.06.21 07:00:00,204.125,204.778
 01.06.21 07:30:00,211.674,215.778
 01.06.21 08:00:00,213.829,219.889
 01.06.21 08:30:00,212.786,223.625
 01.06.21 09:00:00,216.947,225.3
 01.06.21 09:30:00,216.347,227.727
 01.06.21 10:00:00,217.205,228.909
 01.06.21 10:30:00,212.061,227.333
 01.06.21 11:00:00,214.614,224
 01.06.21 11:30:00,211.68,225.625
 01.06.21 12:00:00,209.877,223
 01.06.21 12:30:00,208.79,223.5
 01.06.21 13:00:00,202.597,224
 01.06.21 13:30:00,200.773,220.9
 01.06.21 14:00:00,203.282,219
 01.06.21 14:30:00,210.091,217.364
 01.06.21 15:00:00,207.882,218.094
 01.06.21 15:30:00,207.974,221.4
 01.06.21 16:00:00,210.061,218.167
 01.06.21 16:30:00,209.951,216
 01.06.21 17:00:00,210.327,216.714
 01.06.21 17:30:00,205.113,222
 01.06.21 18:00:00,209.895,223.1
 01.06.21 18:30:00,208.715,219.091
 01.06.21 19:00:00,191.114,217
 01.06.21 19:30:00,190.396,213.25
 01.06.21 20:00:00,193.712,213
 01.06.21 20:30:00,202.483,215.698
 01.06.21 21:00:00,127.013,206
 01.06.21 21:30:00,35.011,168.3
 01.06.21 22:00:00,0,125.778
 01.06.21 22:30:00,0,67.425
 01.06.21 23:00:00,0,28.6
 01.06.21 23:30:00,0,19.545
 02.06.21 00:00:00,0,18.375
 02.06.21 00:30:00,0,18
 02.06.21 01:00:00,0,18
 02.06.21 01:30:00,0,17.75
 02.06.21 02:00:00,0,17
 02.06.21 02:30:00,0,16.917
 02.06.21 03:00:00,0,16
 02.06.21 03:30:00,0,16
 02.06.21 04:00:00,0,17.833
 02.06.21 04:30:00,0,28
 02.06.21 05:00:00,2.521,66.167
 02.06.21 05:30:00,71.606,116
 02.06.21 06:00:00,142.488,159.429
 02.06.21 06:30:00,203.47,185.07
 02.06.21 07:00:00,177.124,198.636
 02.06.21 07:30:00,182.571,201
 02.06.21 08:00:00,197.951,204.875
 02.06.21 08:30:00,197.581,210.25
 02.06.21 09:00:00,203.244,217
 02.06.21 09:30:00,200.12,219.125
 02.06.21 10:00:00,210.848,220
 02.06.21 10:30:00,217.401,222.556
 02.06.21 11:00:00,216.839,227.571
 02.06.21 11:30:00,214.268,227
 02.06.21 12:00:00,210.255,224.8
 02.06.21 12:30:00,206.921,222.8
 02.06.21 13:00:00,199.444,220.818
 02.06.21 13:30:00,197.151,219.091
 02.06.21 14:00:00,198.151,219
 02.06.21 14:30:00,200.65,219.125
 02.06.21 15:00:00,205.921,220
 02.06.21 15:30:00,213.201,221.4
 02.06.21 16:00:00,212.688,219.917
 02.06.21 16:30:00,214.711,217
 02.06.21 17:00:00,210.755,222.833
 02.06.21 17:30:00,214.025,217
 02.06.21 18:00:00,213.442,221.375
 02.06.21 18:30:00,213.801,224.286
 02.06.21 19:00:00,211.619,225.556
 02.06.21 19:30:00,208.844,226.667
 02.06.21 20:00:00,195.545,227.545
 02.06.21 20:30:00,195.687,230.2
 02.06.21 21:00:00,120.382,201.833
 02.06.21 21:30:00,51.638,176.5
 02.06.21 22:00:00,0.145,140.3
 02.06.21 22:30:00,0,90.6
 02.06.21 23:00:00,0,49.797
 02.06.21 23:30:00,0,25.444
 03.06.21 00:00:00,0,18.75
 03.06.21 00:30:00,0,18
 03.06.21 01:00:00,0,17.4
 03.06.21 01:30:00,0,17
 03.06.21 02:00:00,0,17.25
 03.06.21 02:30:00,0,16
 03.06.21 03:00:00,0,16
 03.06.21 03:30:00,0,16.444
 03.06.21 04:00:00,0,19.607
 03.06.21 04:30:00,0,33.875
 03.06.21 05:00:00,5.822,75.75
 03.06.21 05:30:00,82.279,124.747
 03.06.21 06:00:00,160.089,165.586
 03.06.21 06:30:00,190.713,187.889
 03.06.21 07:00:00,203.008,199.778
 03.06.21 07:30:00,211.227,216.571
 03.06.21 08:00:00,215.821,221
 03.06.21 08:30:00,213.561,224
 03.06.21 09:00:00,214.01,225.798
 03.06.21 09:30:00,214.522,226.949
 03.06.21 10:00:00,216.848,227
 03.06.21 10:30:00,215.058,227.5
 03.06.21 11:00:00,213.217,227
 03.06.21 11:30:00,210.263,225.182
 03.06.21 12:00:00,215.653,224
 03.06.21 12:30:00,210.871,226.347
 03.06.21 13:00:00,203.845,226
 03.06.21 13:30:00,204.593,226
 03.06.21 14:00:00,206.929,226.375
 03.06.21 14:30:00,205.249,226.286
 03.06.21 15:00:00,205.139,226
 03.06.21 15:30:00,211.45,227
 03.06.21 16:00:00,214.242,227.5
 03.06.21 16:30:00,216.273,227
 03.06.21 17:00:00,218.171,227
 03.06.21 17:30:00,211.361,224.375
 03.06.21 18:00:00,202.168,222
 03.06.21 18:30:00,204.857,216
 03.06.21 19:00:00,211.152,215
 03.06.21 19:30:00,200.976,215.404
 03.06.21 20:00:00,146.25,200.75
 03.06.21 20:30:00,116.413,189.111
 03.06.21 21:00:00,81.257,178.556
 03.06.21 21:30:00,28.3,161.091
 03.06.21 22:00:00,0,127.182
 03.06.21 22:30:00,0,84.212
 03.06.21 23:00:00,0,43.971
 03.06.21 23:30:00,0,22
 04.06.21 00:00:00,0,17.556
 04.06.21 00:30:00,0,17
 04.06.21 01:00:00,0,17
 04.06.21 01:30:00,0,17
 04.06.21 02:00:00,0,17
 04.06.21 02:30:00,0,16
 04.06.21 03:00:00,0,16
 04.06.21 03:30:00,0,16
 04.06.21 04:00:00,0,16
 04.06.21 04:30:00,0,16.571
 04.06.21 05:00:00,0,35.318
 04.06.21 05:30:00,1.39,97.792
 04.06.21 06:00:00,42.776,135.75
 04.06.21 06:30:00,78.177,158.125
 04.06.21 07:00:00,111.107,169.778
 04.06.21 07:30:00,126.653,183.778
 04.06.21 08:00:00,173.12,186.8
 04.06.21 08:30:00,201.961,201.444
 04.06.21 09:00:00,205.585,211.7
 04.06.21 09:30:00,203.367,214
 04.06.21 10:00:00,204.507,214.429
 04.06.21 10:30:00,211.926,216.143
 04.06.21 11:00:00,198.1,218.125
 04.06.21 11:30:00,202.557,219.5
 04.06.21 12:00:00,211.766,221.778
 04.06.21 12:30:00,206.643,221.889
 04.06.21 13:00:00,211.369,221
 04.06.21 13:30:00,203.365,218.5
 04.06.21 14:00:00,199.835,216
 04.06.21 14:30:00,201.515,218.857
 04.06.21 15:00:00,207.365,219.857
 04.06.21 15:30:00,213.365,221.833
 04.06.21 16:00:00,209.766,222.2
 04.06.21 16:30:00,211.632,220.5
 04.06.21 17:00:00,207.208,217
 04.06.21 17:30:00,209.416,216.667
 04.06.21 18:00:00,211.356,216
 04.06.21 18:30:00,210.766,221.273
 04.06.21 19:00:00,204.594,223.727
 04.06.21 19:30:00,195.841,218.091
 04.06.21 20:00:00,159.258,205.286
 04.06.21 20:30:00,138.543,199.091
 04.06.21 21:00:00,109.964,190.5
 04.06.21 21:30:00,29.891,165.857
 04.06.21 22:00:00,0,125.45
 04.06.21 22:30:00,0,68.753
 04.06.21 23:00:00,0,43.125
 04.06.21 23:30:00,0,22.812
 05.06.21 00:00:00,0,18.333
 05.06.21 00:30:00,0,17.125
 05.06.21 01:00:00,0,17
 05.06.21 01:30:00,0,17
 05.06.21 02:00:00,0,16.551
 05.06.21 02:30:00,0,16
 05.06.21 03:00:00,0,16
 05.06.21 03:30:00,0,16.125
 05.06.21 04:00:00,0,19.9
 05.06.21 04:30:00,0,35.727
 05.06.21 05:00:00,8.47,77.359
 05.06.21 05:30:00,81.307,129.4
 05.06.21 06:00:00,133.117,165.375
 05.06.21 06:30:00,183.914,186.082
 05.06.21 07:00:00,206.723,200.333
 05.06.21 07:30:00,200.48,207.6
 05.06.21 08:00:00,204.035,215.2
 05.06.21 08:30:00,206.052,215.8
 05.06.21 09:00:00,205.455,215
 05.06.21 09:30:00,205.732,215
 05.06.21 10:00:00,206.939,215
 05.06.21 10:30:00,208.566,215.5
 05.06.21 11:00:00,208.902,218.818
 05.06.21 11:30:00,195.192,219.273
 05.06.21 12:00:00,196.587,219.949
 05.06.21 12:30:00,212.429,219
 05.06.21 13:00:00,211.775,217.7
 05.06.21 13:30:00,205.876,216
 05.06.21 14:00:00,203.473,217.5
 05.06.21 14:30:00,207.205,221
 05.06.21 15:00:00,209.147,220.455
 05.06.21 15:30:00,213.668,219.545
 05.06.21 16:00:00,190.514,219
 05.06.21 16:30:00,190.001,211
 05.06.21 17:00:00,104.867,181.9
 05.06.21 17:30:00,80.393,172.714
 05.06.21 18:00:00,79.735,171
 05.06.21 18:30:00,89.322,171.667
 05.06.21 19:00:00,82.876,175.909
 05.06.21 19:30:00,69.194,176.375
 05.06.21 20:00:00,67.876,175.4
 05.06.21 20:30:00,51.689,170.429
 05.06.21 21:00:00,21.028,160.182
 05.06.21 21:30:00,0,139.125
 05.06.21 22:00:00,0,104.417
 05.06.21 22:30:00,0,60.3
 05.06.21 23:00:00,0,24.351
 05.06.21 23:30:00,0,18.75
 06.06.21 00:00:00,0,17.75
 06.06.21 00:30:00,0,17
 06.06.21 01:00:00,0,16.333
 06.06.21 01:30:00,0,16
 06.06.21 02:00:00,0,16
 06.06.21 02:30:00,0,16
 06.06.21 03:00:00,0,16
 06.06.21 03:30:00,0,16.4
 06.06.21 04:00:00,0,17
 06.06.21 04:30:00,0,22.167
 06.06.21 05:00:00,0,49.667
 06.06.21 05:30:00,14.119,106.8
 06.06.21 06:00:00,70.403,149
 06.06.21 06:30:00,102.4,169.167
 06.06.21 07:00:00,123.537,182
 06.06.21 07:30:00,132.445,189.875
 06.06.21 08:00:00,144.17,193.444
 06.06.21 08:30:00,159.373,196.4
 06.06.21 09:00:00,184.08,199.909
 06.06.21 09:30:00,193.155,206
 06.06.21 10:00:00,174.111,205.571
 06.06.21 10:30:00,198.973,203
 06.06.21 11:00:00,201.126,209
 06.06.21 11:30:00,196.241,219.111
 06.06.21 12:00:00,195.973,221
 06.06.21 12:30:00,209.683,221.857
 06.06.21 13:00:00,207.673,223.5
 06.06.21 13:30:00,196.825,222.143
 06.06.21 14:00:00,197.996,220
 06.06.21 14:30:00,214.637,220.5
 06.06.21 15:00:00,201.668,222.6
 06.06.21 15:30:00,208.566,223
 06.06.21 16:00:00,198.623,220.875
 06.06.21 16:30:00,205.974,218
 06.06.21 17:00:00,193.73,218.3
 06.06.21 17:30:00,208.078,219.667
 06.06.21 18:00:00,203.821,221
 06.06.21 18:30:00,204.096,220
 06.06.21 19:00:00,199.036,216.7
 06.06.21 19:30:00,185.395,212.493
 06.06.21 20:00:00,166.427,206
 06.06.21 20:30:00,140.561,201.5
 06.06.21 21:00:00,104.868,189.417
 06.06.21 21:30:00,37.559,165.333
 06.06.21 22:00:00,0,127.744
 06.06.21 22:30:00,0,66.449
 06.06.21 23:00:00,0,28.222
 06.06.21 23:30:00,0,19.6
 07.06.21 00:00:00,0,17.222
 07.06.21 00:30:00,0,16.9
 07.06.21 01:00:00,0,16
 07.06.21 01:30:00,0,16.636
 07.06.21 02:00:00,0,17
 07.06.21 02:30:00,0,17
 07.06.21 03:00:00,0,17
 07.06.21 03:30:00,0,17.1
 07.06.21 04:00:00,0,19
 07.06.21 04:30:00,0,25.9
 07.06.21 05:00:00,0.41,60.818
 07.06.21 05:30:00,45.675,112.455
 07.06.21 06:00:00,109.924,157.835
 07.06.21 06:30:00,137.921,174.571
 07.06.21 07:00:00,154.151,193.111
 07.06.21 07:30:00,173.453,197.5
 07.06.21 08:00:00,201.378,202.778
 07.06.21 08:30:00,208.713,213.5
 07.06.21 09:00:00,211.363,223.5
 07.06.21 09:30:00,208.82,219.8
 07.06.21 10:00:00,217.291,218.714
 07.06.21 10:30:00,202.07,221
 07.06.21 11:00:00,206.728,221
 07.06.21 11:30:00,208.88,220.333
 07.06.21 12:00:00,207.102,219.2
 07.06.21 12:30:00,210.155,219.4
 07.06.21 13:00:00,212.652,221
 07.06.21 13:30:00,209.229,222
 07.06.21 14:00:00,206.94,222.222
 07.06.21 14:30:00,207.527,221.182
 07.06.21 15:00:00,207.211,219
 07.06.21 15:30:00,211.954,220.545
 07.06.21 16:00:00,210.797,223.2
 07.06.21 16:30:00,212.714,223
 07.06.21 17:00:00,212.486,
 07.06.21 17:30:00,212.072,224.7
 07.06.21 18:00:00,211.136,224
 07.06.21 18:30:00,199.354,221.222
 07.06.21 19:00:00,200.947,219.091
 07.06.21 19:30:00,195.827,219.625
 07.06.21 20:00:00,207.264,219
 07.06.21 20:30:00,183.71,224.778
 07.06.21 21:00:00,131.012,210.333
 07.06.21 21:30:00,62.638,181.633
 07.06.21 22:00:00,1.436,144.273
 07.06.21 22:30:00,0,94.556
 07.06.21 23:00:00,0,53.225
 07.06.21 23:30:00,0,24.625
 08.06.21 00:00:00,0,17.455
 08.06.21 00:30:00,0,16.727
 08.06.21 01:00:00,0,16
 08.06.21 01:30:00,0,16
 08.06.21 02:00:00,0,16
 08.06.21 02:30:00,0,16
 08.06.21 03:00:00,0,16
 08.06.21 03:30:00,0,17.1
 08.06.21 04:00:00,0,19.364
 08.06.21 04:30:00,0,32.919
 08.06.21 05:00:00,2.472,75.982
 08.06.21 05:30:00,63.007,121.324
 08.06.21 06:00:00,110.704,162.375
 08.06.21 06:30:00,120.108,183.111
 08.06.21 07:00:00,136.355,188.3
 08.06.21 07:30:00,147.051,193.091
 08.06.21 08:00:00,154.782,196.636
 08.06.21 08:30:00,170.249,200.7
 08.06.21 09:00:00,177.594,202.375
 08.06.21 09:30:00,166.676,197.25
 08.06.21 10:00:00,194.115,198
 08.06.21 10:30:00,205.566,210.5
 08.06.21 11:00:00,200.147,216.545
 08.06.21 11:30:00,211.196,220.909
 08.06.21 12:00:00,210.052,219.286
 08.06.21 12:30:00,210.251,219.571
 08.06.21 13:00:00,204.455,221.75
 08.06.21 13:30:00,202.447,220.444
 08.06.21 14:00:00,202,220
 08.06.21 14:30:00,203.551,220.1
 08.06.21 15:00:00,207.756,221
 08.06.21 15:30:00,212.28,221.714
 08.06.21 16:00:00,213.27,223
 08.06.21 16:30:00,214.745,223.333
 08.06.21 17:00:00,217.161,224.778
 08.06.21 17:30:00,218.565,226.286
 08.06.21 18:00:00,196.064,219.333
 08.06.21 18:30:00,198.713,211
 08.06.21 19:00:00,199.354,217.182
 08.06.21 19:30:00,179.661,212.556
 08.06.21 20:00:00,190.704,209
 08.06.21 20:30:00,149.451,201.909
 08.06.21 21:00:00,121.772,192
 08.06.21 21:30:00,76.418,178.917
 08.06.21 22:00:00,0.495,141.75
 08.06.21 22:30:00,0,99.5
 08.06.21 23:00:00,0,51.571
 08.06.21 23:30:00,0,24.625
 09.06.21 00:00:00,0,18.556
 09.06.21 00:30:00,0,18
 09.06.21 01:00:00,0,18
 09.06.21 01:30:00,0,18
 09.06.21 02:00:00,0,18
 09.06.21 02:30:00,0,17
 09.06.21 03:00:00,0,17
 09.06.21 03:30:00,0,17
 09.06.21 04:00:00,0,18.444
 09.06.21 04:30:00,0,31.6
 09.06.21 05:00:00,0,62.625
 09.06.21 05:30:00,22.44,114.444
 09.06.21 06:00:00,77.35,148.75
 09.06.21 06:30:00,104.519,168.818
 09.06.21 07:00:00,145.505,179.455
 09.06.21 07:30:00,165.719,191.667
 09.06.21 08:00:00,184.564,201.222
 09.06.21 08:30:00,192.871,205.818
 09.06.21 09:00:00,203.028,208.667
 09.06.21 09:30:00,192.575,210
 09.06.21 10:00:00,204.828,210.1
 09.06.21 10:30:00,202.524,214.909
 09.06.21 11:00:00,207.983,221.5
 09.06.21 11:30:00,213.182,222
 09.06.21 12:00:00,210.379,221.455
 09.06.21 12:30:00,211.549,221
 09.06.21 13:00:00,206.452,222.3
 09.06.21 13:30:00,201.79,220.091
 09.06.21 14:00:00,201,219
 09.06.21 14:30:00,201.915,219.273
 09.06.21 15:00:00,205.873,220
 09.06.21 15:30:00,210.324,220.4
 09.06.21 16:00:00,211.464,222
 09.06.21 16:30:00,212,222.222
 09.06.21 17:00:00,212.526,223
 09.06.21 17:30:00,213.46,223.6
 09.06.21 18:00:00,212.76,224.424
 09.06.21 18:30:00,207.858,224.889
 09.06.21 19:00:00,206.279,219.889
 09.06.21 19:30:00,201.012,217.6
 09.06.21 20:00:00,197.526,216.556
 09.06.21 20:30:00,131.665,196
 09.06.21 21:00:00,110.803,191
 09.06.21 21:30:00,57.644,180.069
 09.06.21 22:00:00,0.99,141.455
 09.06.21 22:30:00,0,89.667
 09.06.21 23:00:00,0,46.222
 09.06.21 23:30:00,0,22.143
 10.06.21 00:00:00,0,18.222
 10.06.21 00:30:00,0,17.909
 10.06.21 01:00:00,0,17
 10.06.21 01:30:00,0,16.25
 10.06.21 02:00:00,0,16
 10.06.21 02:30:00,0,16
 10.06.21 03:00:00,0,16.2
 10.06.21 03:30:00,0,17.333
 10.06.21 04:00:00,0,20.364
 10.06.21 04:30:00,0,37.3
 10.06.21 05:00:00,4.869,81
 10.06.21 05:30:00,55.256,132.091
 10.06.21 06:00:00,113.831,161.778
 10.06.21 06:30:00,196.848,181.625
 10.06.21 07:00:00,201.429,200.091
 10.06.21 07:30:00,200.942,213.347
 10.06.21 08:00:00,204.133,218.7
 10.06.21 08:30:00,210.605,221.125
 10.06.21 09:00:00,210.324,224
 10.06.21 09:30:00,201.475,221.222
 10.06.21 10:00:00,209.943,219
 10.06.21 10:30:00,216.101,221.1
 10.06.21 11:00:00,216.754,226.909
 10.06.21 11:30:00,215.466,226.556
 10.06.21 12:00:00,212.803,225.444
 10.06.21 12:30:00,207.756,223.857
 10.06.21 13:00:00,206.312,215.889
 10.06.21 13:30:00,206.036,215.556
 10.06.21 14:00:00,204.964,218
 10.06.21 14:30:00,210.352,218.455
 10.06.21 15:00:00,211.564,221.477
 10.06.21 15:30:00,215.095,224.75
 10.06.21 16:00:00,213.08,223
 10.06.21 16:30:00,216.564,225.571
 10.06.21 17:00:00,217.766,226.2
 10.06.21 17:30:00,208.662,222.9
 10.06.21 18:00:00,207.194,216
 10.06.21 18:30:00,212.377,216.375
 10.06.21 19:00:00,196.053,219.636
 10.06.21 19:30:00,191.697,213.571
 10.06.21 20:00:00,186.407,212
 10.06.21 20:30:00,154.162,202.5
 10.06.21 21:00:00,114.087,191.2
 10.06.21 21:30:00,55.7,176.818
 10.06.21 22:00:00,1.173,141.333
 10.06.21 22:30:00,0,87.556
 10.06.21 23:00:00,0,
 10.06.21 23:30:00,0,25.667
 11.06.21 00:00:00,0,18.3
 11.06.21 00:30:00,0,17.3
 11.06.21 01:00:00,0,17
 11.06.21 01:30:00,0,17
 11.06.21 02:00:00,0,17
 11.06.21 02:30:00,0,17
 11.06.21 03:00:00,0,17
 11.06.21 03:30:00,0,17
 11.06.21 04:00:00,0,19
 11.06.21 04:30:00,0,30.1
 11.06.21 05:00:00,4.44,73.714
 11.06.21 05:30:00,61.575,125.125
 11.06.21 06:00:00,119.589,164.375
 11.06.21 06:30:00,194.566,182.9
 11.06.21 07:00:00,196.706,202.173
 11.06.21 07:30:00,204.699,211
 11.06.21 08:00:00,216.187,217.111
 11.06.21 08:30:00,214.973,224.714
 11.06.21 09:00:00,215.807,226
 11.06.21 09:30:00,216.421,226.875
 11.06.21 10:00:00,216,228
 11.06.21 10:30:00,216,227.636
 11.06.21 11:00:00,215.421,227
 11.06.21 11:30:00,214.782,226.25
 11.06.21 12:00:00,217.345,225
 11.06.21 12:30:00,213.909,220
 11.06.21 13:00:00,198.458,220.455
 11.06.21 13:30:00,199.227,220
 11.06.21 14:00:00,199.06,220.3
 11.06.21 14:30:00,205.391,220.714
 11.06.21 15:00:00,216.269,219
 11.06.21 15:30:00,204.53,219.667
 11.06.21 16:00:00,213.249,220.364
 11.06.21 16:30:00,204.223,221.333
 11.06.21 17:00:00,201.564,220
 11.06.21 17:30:00,204.646,218.636
 11.06.21 18:00:00,201.615,217
 11.06.21 18:30:00,210.971,219.81
 11.06.21 19:00:00,201.578,219
 11.06.21 19:30:00,195.404,218.5
 11.06.21 20:00:00,205.447,220.3
 11.06.21 20:30:00,185.814,217.2
 11.06.21 21:00:00,171.068,209
 11.06.21 21:30:00,84.069,190.7
 11.06.21 22:00:00,3.611,149.875
 11.06.21 22:30:00,0,96
 11.06.21 23:00:00,0,55.594
 11.06.21 23:30:00,0,25.833
 12.06.21 00:00:00,0,18.636
 12.06.21 00:30:00,0,17.3
 12.06.21 01:00:00,0,17
 12.06.21 01:30:00,0,17
 12.06.21 02:00:00,0,17
 12.06.21 02:30:00,0,16
 12.06.21 03:00:00,0,16.417
 12.06.21 03:30:00,0,17
 12.06.21 04:00:00,0,18.889
 12.06.21 04:30:00,0,31.731
 12.06.21 05:00:00,0.477,70.058
 12.06.21 05:30:00,52.589,118.2
 12.06.21 06:00:00,98.893,154.754
 12.06.21 06:30:00,127.966,176.6
 12.06.21 07:00:00,171.129,184.909
 12.06.21 07:30:00,178.48,200.727
 12.06.21 08:00:00,205.846,205.556
 12.06.21 08:30:00,187.072,208
 12.06.21 09:00:00,205.689,208
 12.06.21 09:30:00,197.381,213.5
 12.06.21 10:00:00,201.796,219.146
 12.06.21 10:30:00,180.214,204.893
 12.06.21 11:00:00,208.145,195
 12.06.21 11:30:00,190.116,200.625
 12.06.21 12:00:00,135.399,190.444
 12.06.21 12:30:00,162.158,187
 12.06.21 13:00:00,196.718,198.1
 12.06.21 13:30:00,208.423,210.875
 12.06.21 14:00:00,198.643,220.333
 12.06.21 14:30:00,198.723,217.636
 12.06.21 15:00:00,164.353,187.222
 12.06.21 15:30:00,190.988,185.75
 12.06.21 16:00:00,195.052,207.375
 12.06.21 16:30:00,206.18,209.5
 12.06.21 17:00:00,212.875,217.889
 12.06.21 17:30:00,207.997,217.8
 12.06.21 18:00:00,213.132,217
 12.06.21 18:30:00,213.644,219.333
 12.06.21 19:00:00,211.676,225.429
 12.06.21 19:30:00,209.954,226.1
 12.06.21 20:00:00,183.106,216.273
 12.06.21 20:30:00,174.482,204
 12.06.21 21:00:00,148.129,200.507
 12.06.21 21:30:00,81.479,184.7
 12.06.21 22:00:00,8.662,161.222
 12.06.21 22:30:00,0,119.081
 12.06.21 23:00:00,0,73.324
 12.06.21 23:30:00,0,39
 13.06.21 00:00:00,0,21.222
 13.06.21 00:30:00,0,17.4
 13.06.21 01:00:00,0,16.286
 13.06.21 01:30:00,0,16
 13.06.21 02:00:00,0,16
 13.06.21 02:30:00,0,16
 13.06.21 03:00:00,0,16.2
 13.06.21 03:30:00,0,17.727
 13.06.21 04:00:00,0,25.333
 13.06.21 04:30:00,0,44.915
 13.06.21 05:00:00,21.901,87.5
 13.06.21 05:30:00,99.453,137.875
 13.06.21 06:00:00,193.987,174.375
 13.06.21 06:30:00,143.249,188.545
 13.06.21 07:00:00,158.596,190
 13.06.21 07:30:00,207.936,196.6
 13.06.21 08:00:00,181.741,204.714
 13.06.21 08:30:00,194.444,205
 13.06.21 09:00:00,197.177,208.9
 13.06.21 09:30:00,198.478,211
 13.06.21 10:00:00,202.108,211.818
 13.06.21 10:30:00,193.696,216.6
 13.06.21 11:00:00,201.135,221.574
 13.06.21 11:30:00,200.193,223.143
 13.06.21 12:00:00,204.194,222.5
 13.06.21 12:30:00,202.254,221.286
 13.06.21 13:00:00,197.356,219.545
 13.06.21 13:30:00,203.064,219
 13.06.21 14:00:00,197.213,219.95
 13.06.21 14:30:00,201.757,219
 13.06.21 15:00:00,204.162,220
 13.06.21 15:30:00,207.711,220
 13.06.21 16:00:00,207.061,218.545
 13.06.21 16:30:00,211.831,218
 13.06.21 17:00:00,211.618,217.6
 13.06.21 17:30:00,216.857,216
 13.06.21 18:00:00,214.866,219
 13.06.21 18:30:00,213.525,217
 13.06.21 19:00:00,212.325,219.545
 13.06.21 19:30:00,204.136,222.556
 13.06.21 20:00:00,200.66,217
 13.06.21 20:30:00,197.05,228.636
 13.06.21 21:00:00,184.043,233
 13.06.21 21:30:00,,
